{"cameraMode":{"drawMode":0,"name":"Shaded","section":"Shading Mode"},"sceneLighting":true,"audioPlay":false,"sceneViewState":{"m_AlwaysRefresh":false,"showFog":true,"showSkybox":true,"showFlares":true,"showImageEffects":true,"showParticleSystems":true,"showVisualEffectGraphs":true,"m_FxEnabled":true},"in2DMode":false,"pivot":{"x":0.7851070165634155,"y":-1.4810919761657715,"z":5.3963117599487309},"rotation":{"x":0.18079088628292085,"y":0.01446791272610426,"z":-0.002659930381923914,"w":0.9834155440330505},"size":4.334107398986816,"orthographic":false}